{
  "issue": "FGC-9446",
  "target": 2.5,
  "best": {
    "id": "customfield_10022",
    "name": "Story Points",
    "schema": "number",
    "value": 2.5
  },
  "all_numeric": [
    {
      "id": "customfield_10022",
      "name": "Story Points",
      "schema": "number",
      "value": 2.5
    },
    {
      "id": "customfield_10610",
      "name": "Story point estimate",
      "schema": "number",
      "value": 2.0
    },
    {
      "id": "customfield_10740",
      "name": "Rejections from UAT",
      "schema": "number",
      "value": 0.0
    },
    {
      "id": "customfield_10983",
      "name": "Checklist Progress %",
      "schema": "number",
      "value": 0.0
    },
    {
      "id": "customfield_10736",
      "name": "Rejections from Code Review",
      "schema": "number",
      "value": 0.0
    },
    {
      "id": "customfield_10737",
      "name": "Rejections from Testing",
      "schema": "number",
      "value": 0.0
    },
    {
      "id": "customfield_10738",
      "name": "Rejections from QA",
      "schema": "number",
      "value": 0.0
    },
    {
      "id": "customfield_10739",
      "name": "Rejections from Regression Test",
      "schema": "number",
      "value": 0.0
    },
    {
      "id": "workratio",
      "name": "Work Ratio",
      "schema": "number",
      "value": -1.0
    }
  ]
}